car_make,car_model,car_model_year
Dodge,Viper,1998
Infiniti,M,2011
Ford,Mustang,2000
Lincoln,Continental,1993
Toyota,4Runner,1994
Mitsubishi,Montero Sport,2004
Chrysler,Town & Country,2001
GMC,Sierra 2500,2012
Kia,Sedona,2004
Rolls-Royce,Ghost,2011
GMC,Sierra 1500,2003
Pontiac,Trans Sport,1990
Aston Martin,DB9,2006
Mitsubishi,Montero Sport,2002
Chevrolet,Cavalier,2000
Jaguar,XJ Series,2002
Dodge,D350,1993
Chevrolet,Avalanche 1500,2006
Kia,Sportage,1995
Chevrolet,Corvette,1955
BMW,M5,2002
GMC,Suburban 2500,1999
GMC,Yukon,1992
Audi,Q5,2010
Jeep,Liberty,2010
Mitsubishi,Eclipse,2005
Lexus,GS,1999
Nissan,Pathfinder,1996
Toyota,Tundra,2006
Honda,Civic,2000
Mercedes-Benz,M-Class,2012
Lincoln,Continental,1984
Volkswagen,Golf,1995
GMC,Sierra 2500,2010
Suzuki,Grand Vitara,2005
Mercedes-Benz,SL-Class,1988
Subaru,SVX,1994
BMW,M5,2007
Chevrolet,Malibu,2013
Eagle,Vision,1997
Honda,Prelude,1994
Kia,Spectra,2005
Saab,9-5,2009
Nissan,Xterra,2007
Lexus,GX,2005
GMC,Savana 1500,2012
Nissan,Xterra,2001
Mazda,Miata MX-5,1993
Nissan,NX,1992
Acura,RL,2008
Aston Martin,V8 Vantage,2010
Mercedes-Benz,SL-Class,1990
Pontiac,GTO,2004
Mitsubishi,Montero,1999
Toyota,Corolla,2001
MINI,Cooper,2012
Subaru,Baja,2003
Bentley,Continental GTC,2008
Hyundai,Tiburon,2006
Buick,Estate,1990
Toyota,Yaris,2006
Dodge,Charger,1969
Toyota,Previa,1994
Mercedes-Benz,300D,1993
Mazda,MX-5,2008
Daewoo,Leganza,1999
Infiniti,G,2002
Volkswagen,Type 2,1989
Mazda,B2500,2001
Mazda,Miata MX-5,1999
Chevrolet,Cobalt SS,2007
Mazda,Miata MX-5,2008
Dodge,Ram Wagon B250,1993
Hillman,Minx Magnificent,1950
Honda,Accord,1992
Honda,Prelude,1997
Toyota,TundraMax,2012
BMW,M3,1998
Audi,S4,1993
Cadillac,Seville,2003
Subaru,Tribeca,2006
Saab,9-5,2007
Toyota,Tacoma,2005
Land Rover,LR2,2011
Hyundai,Santa Fe,2010
Ford,F150,1984
Cadillac,CTS,2009
Mitsubishi,Lancer,2001
Mercury,Capri,1986
Land Rover,LR3,2005
Chevrolet,Tahoe,2005
Jeep,Cherokee,1994
Bentley,Mulsanne,2011
Lexus,LS Hybrid,2010
Ford,F350,1994
Toyota,Matrix,2009
Cadillac,DeVille,1993
Mitsubishi,Eclipse,1990
Toyota,Tacoma,2005
Dodge,Colt,1993
Kia,Rondo,2007
Subaru,Impreza,2002
Infiniti,M,2008
Toyota,Solara,2002
Mazda,MX-6,1993
Pontiac,Firefly,1985
Lincoln,Aviator,2005
Chevrolet,Express 2500,2010
Toyota,Corolla,2005
Lincoln,Continental Mark VII,1988
Ford,Transit Connect,2013
Lincoln,Continental Mark VII,1986
Chrysler,Crossfire,2004
Nissan,300ZX,1996
Mitsubishi,Galant,1985
Chevrolet,TrailBlazer,2003
Nissan,Titan,2009
BMW,7 Series,1996
Chevrolet,Camaro,1993
Mazda,RX-8,2009
Mazda,Mazda6,2006
Pontiac,Grand Am,1985
Toyota,Prius Plug-in Hybrid,2012
Chevrolet,HHR,2007
Chevrolet,Corvette,1968
GMC,Envoy,2003
Dodge,Ram 2500 Club,1999
Ford,Focus ST,2013
Maserati,Coupe,2006
Dodge,Durango,2008
Ford,E-Series,2001
Chevrolet,Camaro,2000
Toyota,Tundra,2012
Aston Martin,DB9,2012
Rolls-Royce,Phantom,2013
Infiniti,J,1996
Cadillac,XLR,2006
Buick,Rendezvous,2006
Toyota,4Runner,2010
Pontiac,Gemini,1989
Audi,A4,2002
Jaguar,S-Type,2007
Dodge,Ram 1500 Club,2000
Toyota,Tundra,2009
Mitsubishi,Starion,1987
Lexus,GS,2001
Land Rover,Freelander,2003
Toyota,Land Cruiser,2001
Dodge,Avenger,1999
Ford,F350,1997
Dodge,Caravan,1994
Chevrolet,Malibu,1999
Nissan,300ZX,1996
Chevrolet,Suburban 1500,2000
Mitsubishi,Diamante,2003
Volvo,S80,2008
Buick,Skylark,1991
Buick,LeSabre,1996
Chrysler,200,2011
Subaru,Alcyone SVX,1995
GMC,2500 Club Coupe,1994
Acura,RL,2011
Pontiac,Firebird,1967
Ford,Focus,2002
Toyota,Corolla,2009
Mitsubishi,L300,1987
Pontiac,Bonneville,1998
Volvo,V40,2003
Chevrolet,Astro,1999
Ferrari,458 Italia,2012
Volvo,V70,2003
Lexus,SC,1992
Acura,Integra,2000
Mazda,Familia,1989
Ford,Econoline E250,1995
Saab,9000,1993
Nissan,NV3500,2012
Hyundai,Equus,2013
Volkswagen,Passat,1990
Porsche,Cayenne,2003
Ford,LTD Crown Victoria,1984
Ford,Taurus,1995
Toyota,Sienna,2008
Nissan,Frontier,2007
Volkswagen,Touareg,2003
Nissan,240SX,1995
Lotus,Elan,1993
Lexus,LS,2009
Mercury,Mountaineer,2010
Volkswagen,GTI,1986
Mazda,CX-7,2007
Mazda,Protege,1995
Kia,Optima,2003
Audi,A8,2004
GMC,Savana,2012
Kia,Sorento,2013
Ford,Contour,1996
BMW,M,2001
Volvo,S60,2010
Audi,A4,2008
Infiniti,G,2005
Jaguar,XJ Series,1992
Dodge,Ram 2500,2007
Mercury,Mariner,2010
BMW,760,2003
MINI,Cooper,2002
Aston Martin,V8 Vantage,2012
Ford,Club Wagon,1994
Porsche,911,1998
GMC,Jimmy,1997
Acura,TL,2010
Lexus,LS,1991
Toyota,Camry,2000
Volkswagen,Passat,1988
Scion,xB,2009
Dodge,Ram 3500,1994
Cadillac,SRX,2008
Buick,Century,1985
Jeep,Wrangler,2009
Jeep,Grand Cherokee,1996
Hyundai,Elantra,2013
GMC,3500,1996
Dodge,Intrepid,2003
Chevrolet,Tahoe,2010
Pontiac,Sunfire,2002
Ford,Taurus,1991
Nissan,GT-R,2009
Chevrolet,Tahoe,2009
Chevrolet,Silverado,2010
Ford,E350,2007
Dodge,Caliber,2012
Chevrolet,Silverado 2500,2009
Mercedes-Benz,SL-Class,1999
Aston Martin,V8 Vantage,2009
Chrysler,Sebring,1996
Chevrolet,Camaro,1969
Acura,Integra,1997
BMW,5 Series,1992
Dodge,Neon,2001
Mercedes-Benz,S-Class,2004
Pontiac,Sunbird,1990
Mercedes-Benz,SLK-Class,1998
BMW,M5,1993
Aston Martin,Vantage,2007
Volkswagen,Jetta,1995
Cadillac,Escalade ESV,2007
Cadillac,DeVille,1994
Mercury,Sable,1988
Volvo,V70,2007
Chrysler,Town & Country,2005
Porsche,Panamera,2012
MINI,Clubman,2010
Lamborghini,Murciélago,2006
Jeep,Wrangler,1999
Chevrolet,Corvette,1960
Cadillac,XLR,2006
Kia,Sedona,2002
Audi,A5,2010
Chevrolet,Cobalt,2009
BMW,530,2005
Lexus,GX,2004
Ford,Focus,2008
Chevrolet,Equinox,2007
Jeep,Grand Cherokee,2004
Oldsmobile,98,1996
Mitsubishi,Eclipse,1995
Subaru,Impreza,2006
Cadillac,DeVille,1993
Dodge,Ram Van 3500,1996
Cadillac,CTS-V,2006
Subaru,Tribeca,2009
Hummer,H1,1994
Mercury,Cougar,1989
Toyota,Celica,1992
Chevrolet,Silverado 1500,1999
Mazda,B-Series,1996
Mazda,B-Series Plus,1993
BMW,M3,2010
Ford,Econoline E150,1994
Maserati,430,1991
Mercury,Monterey,2006
Dodge,Grand Caravan,1997
Mercury,Grand Marquis,1991
Mercedes-Benz,E-Class,2003
Kia,Sephia,1999
Mitsubishi,Mirage,1990
Toyota,MR2,1995
Suzuki,Grand Vitara,2011
Pontiac,Montana,2004
Mitsubishi,Mighty Max Macro,1993
Nissan,Frontier,1998
Pontiac,Sunfire,1997
Plymouth,Laser,1994
Chevrolet,HHR,2010
Volvo,S70,1998
Rolls-Royce,Phantom,2008
Ford,Fairlane,1966
Porsche,911,1997
Toyota,Prius,2008
Hyundai,Santa Fe,2001
GMC,1500,1997
Ford,Thunderbird,1988
Cadillac,STS,2007
Chevrolet,TrailBlazer,2007
Mercedes-Benz,SL-Class,2006
Toyota,Tacoma,2009
Chevrolet,S10 Blazer,1992
Chevrolet,Camaro,2011
BMW,5 Series,1994
Mitsubishi,Eclipse,2002
Mercury,Cougar,1993
Bentley,Arnage,2006
Mercedes-Benz,E-Class,1991
Porsche,928,1991
Mitsubishi,Truck,1986
Nissan,Frontier,2009
Chrysler,300M,2002
Subaru,Legacy,1999
Honda,Civic,1999
Mitsubishi,GTO,1990
Kia,Optima,2002
Land Rover,Freelander,2008
Ford,Mustang,1966
Subaru,B9 Tribeca,2006
Toyota,RAV4,2003
Saab,900,1990
Ford,F150,1997
Dodge,Daytona,1993
Ford,Taurus,1988
Mitsubishi,3000GT,1996
Mazda,RX-8,2005
GMC,Sonoma,2004
Mazda,626,1994
Lincoln,Mark LT,2008
Maybach,62,2007
Dodge,Avenger,2011
Cadillac,DeVille,2005
Chevrolet,TrailBlazer,2007
Dodge,Ram 1500,1999
Saab,900,1999
Mitsubishi,Galant,1994
Mercedes-Benz,300SD,1992
Lexus,GX,2006
GMC,Terrain,2011
Mazda,MX-6,1988
Mazda,MX-5,2005
Jaguar,X-Type,2002
Hyundai,Tucson,2012
Ford,Courier,1986
Mitsubishi,Diamante,2004
Acura,TL,2006
Porsche,Cayman,2007
Dodge,Ram Van 3500,1995
Porsche,928,1986
BMW,X5 M,2010
Ford,Club Wagon,1994
Ford,Econoline E150,1992
Chevrolet,Suburban 2500,2002
Volvo,940,1993
Toyota,Prius c,2012
Mitsubishi,Diamante,1998
GMC,Safari,2002
Kia,Optima,2009
Mazda,CX-7,2008
Volkswagen,riolet,1993
Cadillac,XLR-V,2006
Aston Martin,Vanquish S,2006
Dodge,Dakota Club,1992
Toyota,Supra,1996
Mercedes-Benz,G-Class,2003
Mercedes-Benz,C-Class,1998
Toyota,Tacoma,2009
Pontiac,GTO,1974
Ford,Ranger,1997
Ford,Econoline E350,1995
Subaru,Tribeca,2009
Nissan,Sentra,1994
GMC,Suburban 1500,1996
BMW,Z4,2012
Subaru,Legacy,2006
Mitsubishi,3000GT,1996
Bentley,Continental GTC,2011
Isuzu,Rodeo,2004
Dodge,Avenger,2012
Chevrolet,Express 3500,2008
Oldsmobile,Achieva,1992
Jeep,Wrangler,1999
Buick,Riviera,1999
Kia,Sephia,1999
Jeep,Commander,2010
Audi,S5,2010
Saab,9-3,2006
Ford,Aspire,1994
Lincoln,MKT,2010
Lexus,RX Hybrid,2012
Mazda,Miata MX-5,1997
Audi,Cabriolet,1998
Nissan,Altima,1998
Ford,Econoline E150,2001
Dodge,Daytona,1993
Volkswagen,Passat,1995
Maserati,Quattroporte,2012
Isuzu,Amigo,1999
Mazda,B-Series Plus,2001
Ford,Explorer Sport,2001
Chrysler,Sebring,2002
Mitsubishi,Lancer,2004
Suzuki,Grand Vitara,2002
Hyundai,Sonata,2011
Chevrolet,Aveo,2009
Hyundai,Tucson,2012
Porsche,Boxster,2010
GMC,Sierra 3500,2005
Land Rover,Discovery,2010
Pontiac,Grand Am,1991
Cadillac,Escalade EXT,2012
Kia,Sedona,2009
Honda,FCX Clarity,2012
Jeep,Commander,2007
Bentley,Continental Flying Spur,2008
Toyota,4Runner,2005
Saab,900,1990
Ford,F-Series,1986
Mercury,Grand Marquis,2005
Infiniti,FX,2012
BMW,X5,2001
Mercedes-Benz,M-Class,2004
Buick,Verano,2012
Dodge,Dakota,2001
Land Rover,Defender 110,1993
Audi,80,1990
Infiniti,QX,2004
Ford,Ranger,1984
Saturn,Sky,2007
Ford,Fusion,2011
Nissan,Stanza,1992
Toyota,Sienna,1998
Land Rover,Discovery Series II,2002
Buick,LeSabre,2004
Chevrolet,Impala,1995
Jeep,Cherokee,1997
Lexus,LS,1999
Nissan,Sentra,1994
Mercury,Grand Marquis,2005
Chevrolet,Suburban 1500,2000
Ford,Mustang,1974
Dodge,Ram Van B150,1994
Mercedes-Benz,SLK-Class,2000
Acura,TL,2009
Acura,TL,2006
Ford,F150,2006
Toyota,TundraMax,2009
Buick,Century,1984
Honda,Accord,1985
Hyundai,Elantra,2007
Porsche,Cayenne,2004
Acura,TSX,2010
Chrysler,Pacifica,2008
Subaru,SVX,1993
Ford,Expedition,2003
Infiniti,G,2012
Suzuki,Daewoo Lacetti,2008
Hyundai,Azera,2008
Volkswagen,CC,2011
Chevrolet,Sportvan G30,1994
Hyundai,Santa Fe,2002
Daewoo,Leganza,2001
Lincoln,MKS,2013
Nissan,NX,1992
Ford,LTD Crown Victoria,1984
Honda,Civic,2005
Buick,Skylark,1997
Volkswagen,Golf,1987
Audi,A3,2008
Ford,F-Series,1996
Ford,Model T,1909
Audi,A8,2010
Hyundai,Accent,1997
Volkswagen,GTI,1990
Mitsubishi,Galant,2009
Chevrolet,Corvette,1986
Ford,GT500,2009
Volvo,S60,2005
Kia,Sportage,1999
Ford,Escape,2004
Volkswagen,rio,1998
Mercedes-Benz,Sprinter 2500,2012
GMC,Vandura 2500,1994
Nissan,Rogue,2011
Nissan,Pathfinder,2005
Pontiac,LeMans,1988
Mercury,Villager,2001
Buick,LeSabre,1997
Mercedes-Benz,E-Class,2011
Mercury,Monterey,2007
Volvo,940,1995
Oldsmobile,Silhouette,1995
Subaru,Impreza,2006
Lincoln,Navigator L,2010
Pontiac,Firefly,1985
Oldsmobile,Silhouette,2001
Chevrolet,Silverado,2011
Dodge,Caliber,2011
Cadillac,Eldorado,2000
Mercedes-Benz,M-Class,1999
Smart,Fortwo,2009
Chevrolet,APV,1993
Cadillac,XLR,2005
Saab,900,1992
Nissan,Murano,2011
Isuzu,i-Series,2006
Ford,Five Hundred,2006
Lamborghini,Diablo,1997
Ford,Crown Victoria,1998
Nissan,Altima,2010
GMC,Savana 2500,1996
GMC,Savana,2009
Dodge,Viper,2001
Nissan,Pathfinder,1997
Chevrolet,Colorado,2004
Studebaker,Avanti,1964
BMW,1 Series,2008
Buick,Electra,1989
Nissan,Sentra,1994
Mazda,Miata MX-5,1994
Jeep,Grand Cherokee,2012
Cadillac,STS,2009
Mazda,Mazda3,2008
GMC,Yukon,2001
Aston Martin,DB9,2012
Chevrolet,Lumina,1998
Chrysler,LHS,2001
Daihatsu,Charade,1992
Cadillac,CTS-V,2007
Mazda,MX-6,1991
Plymouth,Laser,1992
Toyota,Tacoma,2005
Mazda,Mazda6 5-Door,2006
BMW,5 Series,1998
Subaru,Impreza,2004
Audi,Q5,2009
Ford,Explorer Sport Trac,2002
Buick,Roadmaster,1992
Lincoln,MKX,2013
Mercury,Mystique,1998
Chevrolet,Tahoe,2009
Cadillac,CTS,2003
Dodge,Ram,2011
Ford,F350,1997
Acura,NSX,1992
Porsche,911,1990
Jaguar,S-Type,2006
Nissan,Xterra,2009
Chevrolet,Astro,2005
Mercedes-Benz,CL-Class,2008
Honda,Insight,2006
Chrysler,Town & Country,1994
Lexus,IS-F,2012
Chevrolet,Blazer,1994
Mitsubishi,Space,1984
Nissan,Rogue,2010
Audi,S6,2008
Mercury,Milan,2006
BMW,X5 M,2012
Ford,Explorer,1992
Saab,9-5,1999
Pontiac,Grand Am,1988
Chevrolet,Express 2500,1999
Volkswagen,Passat,1988
Lexus,ES,2004
Pontiac,Grand Prix,1973
Toyota,Tacoma,2004
Volkswagen,Tiguan,2010
GMC,Sierra 1500,2005
Chevrolet,Astro,1994
Maserati,Quattroporte,2007
Toyota,Corolla,2008
Subaru,Baja,2004
Hummer,H1,1998
Audi,A8,2011
Mitsubishi,Endeavor,2006
Ford,E-Series,2009
Acura,TSX,2012
Suzuki,XL-7,2007
Lotus,Esprit,1993
Honda,Prelude,1996
Lexus,SC,2009
Mazda,CX-7,2010
Buick,Coachbuilder,1994
Kia,Spectra,2005
Mercury,Villager,1996
Suzuki,X-90,1996
Chevrolet,Malibu,1998
Chevrolet,Astro,1992
GMC,Savana,2006
Aston Martin,DBS,2012
Chevrolet,Cobalt,2009
Mercury,Cougar,1994
Chevrolet,Tracker,1998
Ford,Laser,1986
Ford,Transit Connect,2010
Buick,Riviera,1995
GMC,1500 Club Coupe,1998
Audi,S6,2003
BMW,3 Series,1999
Buick,LeSabre,1996
GMC,Terrain,2010
Honda,Prelude,1986
Suzuki,Daewoo Lacetti,2004
Ford,Five Hundred,2007
Lotus,Evora,2012
Land Rover,Defender 90,1995
Chevrolet,Impala,2001
Chevrolet,S10 Blazer,1993
Volvo,XC90,2009
GMC,Savana 1500,2009
Kia,Sedona,2009
Buick,Regal,1988
Audi,A8,1998
Mazda,Millenia,2001
Oldsmobile,Cutlass Supreme,1993
BMW,Z4,2005
Oldsmobile,Aurora,2003
Mazda,B-Series,2000
Jeep,Wrangler,2002
Dodge,Ram 2500,2009
Lexus,IS,2009
BMW,M Roadster,2007
Toyota,Previa,1993
Toyota,Land Cruiser,2000
Chevrolet,Suburban 2500,2012
Volvo,S60,2008
Acura,CL,1998
Isuzu,i-Series,2006
Ford,F350,2005
Volkswagen,New Beetle,2005
Oldsmobile,Alero,2002
Kia,Rio,2013
Honda,CR-V,2012
Lexus,GX,2010
Pontiac,Grand Prix,1987
Dodge,Ram Van 2500,1995
Honda,Odyssey,2008
Geo,Storm,1993
Chevrolet,Lumina,2000
Audi,A8,2007
BMW,7 Series,1997
Chevrolet,Prizm,2001
Buick,Park Avenue,2001
Chevrolet,Express 2500,2009
Audi,TT,2004
Dodge,Nitro,2008
Audi,A3,2008
Ford,E-350 Super Duty Van,2006
Mitsubishi,Challenger,2004
GMC,Savana 2500,2006
Mazda,626,1992
Volkswagen,R32,2008
Mazda,626,1988
Dodge,D150,1993
Ford,Fiesta,2011
Infiniti,G,2012
Acura,NSX,2003
Saab,9-7X,2008
Acura,Integra,1995
Rolls-Royce,Ghost,2011
Land Rover,Defender Ice Edition,2010
Chevrolet,Colorado,2012
Geo,Metro,1992
Lexus,LX,2013
Lincoln,Mark VII,1992
Mazda,RX-8,2008
Toyota,Corolla,2007
Mitsubishi,Pajero,1986
Toyota,Xtra,1992
GMC,3500 Club Coupe,1997
GMC,1500 Club Coupe,1998
Mazda,Mazda6,2008
Saab,9-5,2003
Ford,Escort,1999
Toyota,RAV4,2004
Plymouth,Roadrunner,1969
Ford,Ranger,1995
Infiniti,Q,1996
Bentley,Continental,2005
Honda,Element,2005
BMW,530,2001
Toyota,Land Cruiser,2008
Chevrolet,Corvette,1972
Isuzu,Hombre Space,1997
Nissan,Maxima,2000
Dodge,Charger,2009
Pontiac,Grand Prix,1977
Oldsmobile,LSS,1999
Honda,Insight,2006
GMC,Suburban 1500,1999
Nissan,Frontier,2012
Toyota,Solara,2006
Isuzu,Trooper,1998
Land Rover,Freelander,2002
Chevrolet,Express 1500,2005
Chevrolet,Lumina,1995
Chevrolet,Express,2007
Chrysler,LHS,1995
Cadillac,Eldorado,2002
Suzuki,SJ,1990
Porsche,Cayman,2012
Chevrolet,Suburban 1500,1993
Ford,Bronco,1985
Rolls-Royce,Ghost,2012
Volvo,V70,1999
Ford,E150,2008
Volkswagen,Golf III,1993
Honda,Accord Crosstour,2011
Subaru,Legacy,1989
Nissan,Pathfinder,1996
Mazda,MX-6,1993
Toyota,Venza,2009
Honda,Civic,1991
Toyota,FJ Cruiser,2010
Volvo,S40,2002
Oldsmobile,Bravada,1997
GMC,1500,1996
Pontiac,Montana,2002
Ram,3500,2012
Buick,LeSabre,1986
Hyundai,Elantra,1994
Ford,Crown Victoria,2005
Dodge,Intrepid,2004
Kia,Optima,2010
Lexus,RX,2011
Acura,TSX,2006
Honda,Insight,2010
Chevrolet,Traverse,2011
Chevrolet,Express 1500,2003
Kia,Optima,2011
Volkswagen,rio,2000
Chrysler,Town & Country,2001
Mercedes-Benz,C-Class,2009
Mitsubishi,Galant,2009
Nissan,Xterra,2007
Volvo,C70,1998
Dodge,Charger,2006
Plymouth,Neon,2000
Pontiac,GTO,1971
Audi,Q5,2012
Maserati,Quattroporte,2009
Toyota,4Runner,1999
Lamborghini,Gallardo,2012
Audi,Q7,2008
Suzuki,Grand Vitara,2010
Lincoln,MKZ,2007
Dodge,Challenger,2011
Lamborghini,Gallardo,2009
Ford,Transit Connect,2010
Nissan,Sentra,1991
Mazda,Mazda6,2008
Infiniti,G,2002
Mazda,B2000,1985
Jeep,Cherokee,1997
Chrysler,Concorde,1999
Pontiac,Grand Prix,1984
Hyundai,Sonata,2003
GMC,3500 Club Coupe,1995
Chrysler,Fifth Ave,1992
Mitsubishi,Galant,1998
Chevrolet,Astro,2001
Subaru,Impreza,2010
Ford,Freestar,2005
Honda,S2000,2001
Chevrolet,Express 3500,2009
Subaru,Outback,2012
Saab,9000,1998
Lincoln,Mark VIII,1996
Volvo,XC60,2010
MINI,Countryman,2012
Ford,Contour,1997
Saturn,Sky,2009
Aston Martin,DB9,2005
Maserati,GranTurismo,2012
Ford,Ranger,1991
Alfa Romeo,164,1994
Suzuki,SJ,1990
Dodge,Spirit,1992
Audi,S8,2006
Aston Martin,V8 Vantage,2007
Acura,Integra,1997
Ford,Fusion,2013
Toyota,Prius v,2012
Suzuki,Sidekick,1998
Nissan,Quest,2012
Toyota,Echo,2001
Dodge,Neon,2004
Chrysler,300,2007
GMC,2500 Club Coupe,1998
Mitsubishi,GTO,1991
Dodge,Ram Van B250,1992
BMW,3 Series,2012
Subaru,SVX,1997
Buick,Century,1998
Ford,Bronco,1992
Chrysler,Town & Country,1996
Mercury,Sable,2009
Toyota,Camry Hybrid,2009
Cadillac,Escalade,2010
Dodge,Sprinter,2006
Dodge,Caliber,2009
Hyundai,Accent,1996
Ford,Econoline E150,1998
Porsche,Boxster,2012
Ford,Freestar,2005
Maybach,Landaulet,2012
Volkswagen,Routan,2012
GMC,Suburban 1500,1992
Hummer,H3,2009
Ford,F-Series,1986
Pontiac,Grand Am,2002
Maserati,Spyder,2002
Chevrolet,Malibu,2011
Nissan,Leaf,2012
Chevrolet,Cobalt SS,2007
Mazda,626,1986
Mazda,Mazda3,2009
Ford,Focus,2005
Jaguar,XJ Series,1995
BMW,5 Series,2006
Nissan,Armada,2008
Toyota,4Runner,1993
Ford,Freestar,2004
Volkswagen,GTI,1991
Mazda,626,1987
Acura,NSX,1992
Ford,Explorer,1998
Dodge,Ram Van B350,1994
Dodge,Spirit,1995
Chevrolet,Blazer,1996
Chevrolet,Suburban 1500,2003
Cadillac,Fleetwood,1996
Honda,Accord,2008
Ford,F-Series,1990
Toyota,Tacoma Xtra,2003
Audi,RS 4,2008
Volkswagen,R32,2008
Chrysler,PT Cruiser,2010
Lexus,LX,2008
Toyota,Camry Solara,2006
Mercedes-Benz,S-Class,1989
Lexus,GX,2005
Buick,Coachbuilder,1993
Chevrolet,Silverado 2500,2001
Mitsubishi,Endeavor,2011
Ford,Mustang,1969
Honda,Insight,2011
Chevrolet,Cavalier,1993
Jaguar,S-Type,2004
Subaru,Outback,2000
Acura,NSX,1999
Acura,Legend,1988
Volkswagen,Routan,2012
Mitsubishi,Montero,1994
Chevrolet,S10,1993
GMC,Sonoma Club Coupe,1997
Kia,Optima,2009
Dodge,Dakota,1999
BMW,M3,1998
Isuzu,Ascender,2003
Mitsubishi,GTO,1990
Hummer,H3,2007
Chrysler,Cirrus,1997
Ford,Bronco,1992
Suzuki,SJ,1989
Pontiac,GTO,1972
Chevrolet,Corvette,2009
Saturn,Sky,2009
Porsche,911,1986
Chrysler,Town & Country,1994
Mazda,MX-6,1993
Audi,A8,2010
Alfa Romeo,Spider,1994
Hyundai,Sonata,1996
Hummer,H2,2008
Porsche,Boxster,2011
Chevrolet,Lumina APV,1993
Suzuki,Grand Vitara,2003
Dodge,Intrepid,1995
GMC,Jimmy,1993
Mitsubishi,Starion,1986
Isuzu,Trooper,1995
Porsche,Cayenne,2012
Land Rover,Range Rover,2003
Ford,F-Series,2004
Chevrolet,3500,1995
Mercedes-Benz,SL-Class,1989
Chevrolet,1500,1998
Nissan,Quest,1996
Volvo,S40,2006
Lamborghini,Gallardo,2005
Ford,F-Series Super Duty,2012
GMC,1500,1993
Audi,A6,2008
Pontiac,Parisienne,1985
Lexus,LFA,2012
Ford,Expedition,2006
Mercedes-Benz,W201,1988
Scion,xB,2006
Lincoln,Navigator,2002
Chevrolet,HHR,2011
GMC,3500,1999
Dodge,Spirit,1994
Chevrolet,Sportvan G10,1993
Plymouth,Neon,1995
Jeep,Grand Cherokee,2003
Dodge,Charger,2010
Chrysler,Concorde,2000
Saab,9-7X,2008
Mazda,B-Series,2008
Nissan,Titan,2012
Mercedes-Benz,S-Class,2012
Oldsmobile,Ciera,1993
Volvo,960,1995
Suzuki,X-90,1996
Mazda,B2000,1985
Hyundai,Sonata,2000
Ford,Mustang,1990
Honda,Accord,2010
Ford,Taurus,2000
BMW,3 Series,1993
BMW,8 Series,1995
Cadillac,Seville,2001
Porsche,911,1994
Mercedes-Benz,E-Class,2000
Chevrolet,Corvette,2012
Chevrolet,Tahoe,2012
Mitsubishi,Outlander,2008
Chevrolet,Suburban,2010
Ram,3500,2011
Chevrolet,Venture,2004
Subaru,B9 Tribeca,2007
Scion,xD,2010
Hyundai,Tiburon,2007
Porsche,911,2009
Dodge,Ram 3500 Club,1995
Dodge,Dakota,1999
Dodge,Ram Van B350,1994
Jeep,Wrangler,1997
Lamborghini,Murciélago,2005
Toyota,RAV4,2001
Dodge,Viper,1998
Mazda,929,1992
Saab,9000,1994
Subaru,Forester,2009
Audi,A6,1995
Mitsubishi,Galant,1988
Lincoln,Navigator,2008
Infiniti,QX,1999
GMC,EV1,1999
Mazda,Familia,1992
Subaru,B9 Tribeca,2007
Ford,LTD Crown Victoria,1985
Mitsubishi,Diamante,1999
Volvo,940,1995
Lexus,LS,1989
Porsche,911,1985
Cadillac,Catera,1999
Chevrolet,Corvette,1970
Lexus,ES,2005
Mercedes-Benz,S-Class,2007
Dodge,Neon,1995
Mitsubishi,Pajero,2001
Dodge,Caravan,2012
Mazda,MX-6,1992
Chevrolet,S10,1994
Jeep,Grand Cherokee,1996
Infiniti,M,2008
Lincoln,MKX,2013
Dodge,Viper,1992
Toyota,Celica,1995
GMC,2500,1997
Nissan,Titan,2006
Honda,Pilot,2007
Honda,Odyssey,2000
Isuzu,Hombre Space,1997
Mercury,Lynx,1987
Land Rover,Range Rover,1995
Mercury,Capri,1992
Maserati,Spyder,1989
Mercedes-Benz,C-Class,2001
Ford,Explorer,2005
Mitsubishi,Truck,1995
Nissan,Versa,2011
Volkswagen,Cabriolet,2001
Honda,Pilot,2010
BMW,M,2000
Maserati,Coupe,2005
Hyundai,Veracruz,2007
Ford,Excursion,2000
Hyundai,Elantra,2006
Eagle,Talon,1993
Mitsubishi,Cordia,1986
Volkswagen,Jetta,1988
car_make,car_model,car_model_year
Ford,Expedition,2006
BMW,X3,2008
GMC,Yukon XL 1500,2002
Ford,Laser,1988
Aston Martin,Rapide,2011
Panoz,Esperante,2005
Chevrolet,TrailBlazer,2005
Saturn,S-Series,1996
BMW,X5,2006
Chevrolet,Silverado 3500,2010
Mazda,MX-3,1992
Honda,Civic,2007
Ford,Explorer Sport Trac,2005
Smart,Fortwo,2012
Jaguar,XK Series,1998
Volvo,S60,2011
Mercury,Capri,1985
Mazda,Millenia,1995
GMC,Sierra 3500,2001
Ford,Escort,1991
Ford,Explorer,1993
Nissan,Leaf,2011
Saturn,Outlook,2008
Chevrolet,Malibu,2001
Mazda,Protege,1998
Pontiac,Firefly,1986
Hyundai,Tiburon,2009
Subaru,Alcyone SVX,1993
GMC,Sierra 3500,2002
Chrysler,LHS,2000
GMC,Sierra 2500,1999
Chevrolet,Corvette,1953
Volkswagen,Scirocco,1985
Toyota,Corolla,2005
Lexus,RX,2006
Ford,Mustang,1995
Daewoo,Nubira,2000
Mitsubishi,Pajero,1984
Subaru,Forester,2004
Infiniti,Q,2002
BMW,525,2004
Subaru,Baja,2003
Cadillac,DTS,2006
Dodge,Stratus,1998
Toyota,Cressida,1992
Acura,RDX,2010
Mercedes-Benz,300SL,1992
Chevrolet,G-Series G30,1992
Volkswagen,Passat,1996
Ford,Mustang,2008
Chevrolet,Malibu,1998
Ford,Contour,1998
Suzuki,Vitara,1999
Lexus,GX,2008
GMC,Safari,2003
Lincoln,Continental Mark VII,1991
GMC,Terrain,2011
Chevrolet,Express 1500,2011
Honda,Civic,2006
Mercedes-Benz,CLS-Class,2008
Dodge,Stealth,1996
Toyota,Camry,1994
Aston Martin,Vantage,2008
Hyundai,Accent,2011
Infiniti,Q,2005
Volvo,S80,2012
Lincoln,Mark VIII,1995
Infiniti,QX56,2007
Mercedes-Benz,S-Class,1987
Acura,RSX,2005
Chrysler,Town & Country,2011
Suzuki,Forenza,2004
Chevrolet,Sportvan G30,1996
Volkswagen,GTI,1999
Mercury,Cougar,1969
GMC,Savana,2012
Lexus,GS,1998
Toyota,Solara,2002
Pontiac,Vibe,2008
Lexus,IS F,2011
Chevrolet,1500,1995
Toyota,Avalon,2002
Kia,Rondo,2008
Eagle,Summit,1992
Honda,Odyssey,2012
Chevrolet,Corvette,1999
Hyundai,Accent,2008
Jeep,Patriot,2012
Mitsubishi,Chariot,1994
Kia,Sportage,2000
Suzuki,XL-7,2001
Dodge,Ram Van 2500,1996
Plymouth,Grand Voyager,1998
Mitsubishi,Cordia,1986
BMW,8 Series,1994
Honda,Odyssey,2003
GMC,Sierra 3500,2012
MINI,Cooper,2010
Pontiac,G8,2008
Nissan,240SX,1995
Nissan,Sentra,2006
Hyundai,Accent,2004
Jaguar,XF,2009
Buick,Rendezvous,2005
Mazda,Protege,2003
Dodge,Ram 2500,1998
Lexus,SC,2007
Lexus,LX,2000
Cadillac,Sixty Special,1993
Ford,Ranger,2004
Eagle,Summit,1994
GMC,Savana 2500,2002
Chevrolet,Suburban 2500,2010
Lincoln,Navigator,2001
Porsche,Cayman,2008
Subaru,Legacy,1993
GMC,Yukon XL 1500,2013
Plymouth,Laser,1990
Lincoln,Town Car,1996
Aston Martin,DB9 Volante,2006
Mazda,MX-3,1994
Buick,Regal,1990
Ford,C-MAX Hybrid,2013
Lotus,Exige,2011
Ferrari,612 Scaglietti,2006
Honda,Accord,1987
Buick,Park Avenue,1991
Volkswagen,Jetta,1999
Pontiac,Bonneville,1991
Nissan,Sentra,1994
Pontiac,Grand Prix,1971
Hummer,H1,2000
Toyota,Land Cruiser,2000
Mitsubishi,Sigma,1990
Aston Martin,V12 Vantage,2011
Volkswagen,Rabbit,2006
Mercury,Sable,1988
Buick,Park Avenue,2004
Audi,TT,2009
Ford,Taurus,1998
Mazda,B-Series,1992
Ford,E150,2009
Porsche,911,2010
Mazda,Miata MX-5,2010
Isuzu,Rodeo,1997
Lincoln,Navigator,2003
Mercedes-Benz,R-Class,2008
Lexus,RX,2006
Hyundai,Elantra,1999
Chevrolet,G-Series G30,1995
Nissan,Versa,2011
Acura,Legend,1994
Land Rover,Defender,1993
Jeep,Wrangler,2010
Isuzu,Rodeo,2002
Mercedes-Benz,CLS-Class,2008
Dodge,Ram 1500,2003
Maserati,228,1989
Infiniti,Q,2000
Chevrolet,Malibu,1999
Toyota,Sienna,2007
Audi,Q5,2010
Chevrolet,2500,1996
Buick,Reatta,1989
Isuzu,Space,1992
Chevrolet,Prizm,2001
Pontiac,Bonneville,1991
Chevrolet,Corvette,1956
BMW,Z4,2005
Aston Martin,V12 Vantage,2011
Honda,Accord,1989
Dodge,D150,1992
GMC,Yukon XL 2500,2011
Mercury,Villager,1998
Chevrolet,Express 3500,2001
Ferrari,F430,2008
GMC,Sierra 3500,2007
Pontiac,Sunbird,1983
Mitsubishi,Cordia,1987
Mazda,Miata MX-5,2007
Isuzu,i-290,2007
Subaru,Justy,1992
Chevrolet,Monte Carlo,2001
Lexus,GS,2011
GMC,Safari,1996
Maybach,Landaulet,2009
Mazda,Protege,2003
Chevrolet,Corvette,2002
Lamborghini,Countach,1988
Volkswagen,New Beetle,2000
BMW,M5,2003
Bentley,Continental GTC,2012
Infiniti,J,1997
Toyota,Corolla,2001
BMW,M3,1998
Hyundai,Santa Fe,2009
Chevrolet,S10,1997
Ford,F350,2012
Dodge,Stratus,1998
Suzuki,Forenza,2006
Mazda,CX-7,2007
Mazda,RX-8,2006
Saturn,L-Series,2001
Plymouth,Grand Voyager,1998
Land Rover,Range Rover,2006
Honda,Prelude,1984
Corbin,Sparrow,1999
Mazda,CX-7,2007
Buick,Skyhawk,1986
Chevrolet,Camaro,1981
Toyota,Solara,2002
Lotus,Esprit,1999
Mercury,Tracer,1991
Pontiac,Aztek,2003
BMW,525,2006
Aston Martin,Vantage,2008
GMC,Savana 3500,2005
Nissan,NX,1992
Toyota,Echo,2001
Mercedes-Benz,S-Class,2009
Chevrolet,Cavalier,1993
Mercury,Villager,1997
Ford,E250,2009
Kia,Sportage,1998
BMW,7 Series,2005
Ford,Tempo,1984
Volvo,850,1995
Scion,xB,2006
Ford,F150,2012
Mercury,Villager,1994
Volkswagen,Jetta,1995
Mercedes-Benz,M-Class,2005
Lexus,LX,1996
Mercedes-Benz,Sprinter,2011
Ford,F-Series,2005
Chevrolet,S10,2004
Honda,del Sol,1993
Mitsubishi,Chariot,1987
Mercedes-Benz,SLK-Class,2011
Mitsubishi,Precis,1993
Acura,SLX,1997
Chrysler,Pacifica,2005
Pontiac,6000,1988
Honda,Fit,2012
Ford,Escape,2002
Chevrolet,Suburban 2500,1994
Volkswagen,Jetta,1991
Saturn,VUE,2009
Mitsubishi,Lancer Evolution,2006
Cadillac,Seville,1995
Mercury,Topaz,1984
Ford,Thunderbird,1986
Infiniti,G,2002
Toyota,4Runner,2006
Mercedes-Benz,CLS-Class,2006
Acura,NSX,1998
Mazda,626,1989
Suzuki,Vitara,2002
Nissan,Quest,2002
Ford,LTD Crown Victoria,1987
Mercury,Sable,2005
Chevrolet,Impala,2008
Ford,Explorer,1993
Porsche,Boxster,2005
Ford,Expedition,1997
Volkswagen,Corrado,1991
Ford,F-Series,1987
Mazda,MX-6,1997
Lotus,Evora,2012
MINI,Countryman,2012
Mercedes-Benz,E-Class,1987
Hyundai,Santa Fe,2004
Mazda,GLC,1984
Porsche,924,1988
Audi,Q7,2008
Subaru,Leone,1989
Mercury,Sable,2009
GMC,Sierra 3500,2009
Dodge,Ram Wagon B350,1994
Mercedes-Benz,300SL,1993
Honda,Passport,1999
Ford,Focus,2010
Hyundai,Sonata,1992
Ford,Econoline E350,1995
Chevrolet,Suburban 2500,2004
Ford,F150,2005
Subaru,Legacy,2011
Maybach,57,2007
Audi,80,1991
BMW,X6,2010
BMW,330,2005
Chevrolet,Equinox,2005
Honda,Prelude,1996
Volvo,C70,2013
Volkswagen,Jetta,2012
Dodge,Ram 2500,2000
Maserati,430,1989
Lamborghini,Murciélago,2005
GMC,Envoy XL,2006
Hummer,H3T,2009
Jaguar,XK,2010
Plymouth,Grand Voyager,1998
Chevrolet,Aveo,2009
Nissan,Maxima,2009
Mercedes-Benz,G-Class,2010
Chevrolet,Caprice,1996
GMC,Savana 1500,2004
Mitsubishi,Mirage,1994
Chrysler,Cirrus,1995
Chevrolet,S10 Blazer,1994
BMW,M5,2002
Kia,Sedona,2002
Mazda,Miata MX-5,2001
Mercedes-Benz,S-Class,1999
Nissan,Xterra,2007
GMC,Envoy,1998
Mazda,MPV,2006
BMW,X3,2006
Subaru,Legacy,1995
Maybach,57,2003
Subaru,Outback,2007
Volkswagen,Cabriolet,1997
Ford,Fairlane,1967
Holden,VS Commodore,1997
GMC,Rally Wagon 3500,1992
Lotus,Exige,2004
Saab,9-3,2010
Lincoln,LS,2000
GMC,Savana 3500,2004
Chrysler,PT Cruiser,2010
Mercedes-Benz,G-Class,2003
Chrysler,300,2010
Ford,F-Series Super Duty,2010
Ferrari,599 GTB Fiorano,2010
GMC,Yukon,1996
Pontiac,Parisienne,1986
Buick,Century,1989
Chevrolet,HHR,2011
Spyker,C8 Laviolette,2004
Toyota,Sequoia,2002
Toyota,4Runner,2005
Mitsubishi,Galant,2007
Chrysler,Sebring,1997
Smart,Fortwo,2010
Infiniti,QX,2007
Mercury,Cougar,1985
Mercury,Sable,1998
Kia,Mohave/Borrego,2009
Hyundai,Tiburon,1999
Mitsubishi,Galant,2003
Chevrolet,Impala SS,1994
Pontiac,GTO,1972
Mitsubishi,Tundra,2009
Dodge,Caravan,2008
Pontiac,Firebird,1999
Buick,Park Avenue,2002
Buick,Electra,1990
Hyundai,Elantra,2003
Honda,Element,2003
Pontiac,Grand Am,1989
Bentley,Continental Flying Spur,2012
Subaru,Baja,2003
Chevrolet,Camaro,2012
Ford,Ranger,1991
Ford,F150,2006
Kia,Sportage,2008
Ford,Taurus,2010
Honda,Accord,2011
Acura,RDX,2011
Pontiac,Grand Prix,1973
Volkswagen,Fox,1993
Audi,A8,2012
Dodge,Ram 2500,2000
Pontiac,Bonneville,1999
Dodge,Ram 1500,2000
Honda,Odyssey,2001
Ferrari,599 GTB Fiorano,2010
Lincoln,Continental,1991
Toyota,Land Cruiser,1994
Infiniti,Q,1994
GMC,1500 Club Coupe,1998
Subaru,Forester,2000
Porsche,911,2003
Volvo,C70,2013
Bentley,Continental Flying Spur,2012
Nissan,Murano,2009
Lexus,ES,1994
Cadillac,Escalade EXT,2007
Acura,RL,2002
Mercedes-Benz,S-Class,1989
Chrysler,Town & Country,2007
Jaguar,XK Series,2005
Honda,Passport,1998
Buick,Skylark,1997
Pontiac,Bonneville,1988
Chevrolet,Corvette,1992
Chevrolet,G-Series 2500,1998
GMC,2500,1994
Oldsmobile,Ciera,1996
Mitsubishi,Tredia,1988
Volvo,940,1992
Lexus,ES,2009
Acura,Vigor,1994
Mercury,Sable,2000
Acura,NSX,1995
Mercedes-Benz,SLR McLaren,2007
Dodge,Ram 1500,2009
Toyota,Solara,2005
GMC,Terrain,2012
Mercury,Tracer,1996
Nissan,300ZX,1996
Ford,F250,1994
Ford,Econoline E350,1995
Honda,Civic,1994
Honda,Pilot,2008
Toyota,Highlander,2002
Honda,Element,2011
Morgan,Aero 8,2007
Buick,Century,1994
Chevrolet,Sportvan G20,1992
Mazda,B-Series,1988
Mazda,RX-7,1985
Chevrolet,Express 3500,2007
Alfa Romeo,Spider,1992
BMW,X5 M,2010
Audi,Q5,2009
Land Rover,Discovery,1997
Ford,Thunderbird,1984
Ford,Focus,2007
Toyota,Camry,2008
Ford,Expedition,2004
GMC,1500,1994
Volkswagen,GTI,2003
Suzuki,Cultus,1985
Lincoln,Aviator,2005
Spyker,C8 Spyder Wide Body,2004
Porsche,944,1985
Pontiac,Turbo Firefly,1990
Chevrolet,Corvette,1995
Pontiac,Firebird Formula,1992
Nissan,370Z,2012
Ford,Taurus,2004
Nissan,Frontier,2009
Jaguar,XK Series,2013
Volkswagen,GTI,1986
Audi,TT,2009
Dodge,Ram 2500,1998
Chevrolet,Silverado 1500,2001
GMC,Savana 1500,2009
Ford,Explorer,1998
Mercury,Cougar,1996
Dodge,Stratus,2002
Mercury,Sable,2003
Cadillac,CTS,2009
Ford,F-Series,2006
Buick,LeSabre,1985
Kia,Optima,2011
Toyota,Land Cruiser,2003
Maserati,Biturbo,1987
Hyundai,Santa Fe,2001
Buick,Regal,1986
Jeep,Liberty,2012
Nissan,JUKE,2011
Audi,V8,1990
GMC,3500,1992
Maserati,Spyder,2005
Mercedes-Benz,S-Class,1994
Toyota,Camry,2011
Pontiac,Grand Am,1985
Nissan,NV3500,2012
Toyota,Highlander,2007
Dodge,Caravan,1996
Pontiac,Grand Prix Turbo,1990
Mitsubishi,Truck,1994
Nissan,Pathfinder,1993
Mazda,Miata MX-5,1995
GMC,Rally Wagon 3500,1994
Chevrolet,Express 3500,2007
Honda,Civic,1993
Mazda,CX-7,2007
BMW,7 Series,1998
Pontiac,Bonneville,1997
Infiniti,QX,2004
Pontiac,Montana,2005
Ford,Taurus,1995
Honda,Odyssey,2010
Chevrolet,Colorado,2007
Mitsubishi,GTO,1992
Nissan,Sentra,2007
Kia,Carens,2007
Lamborghini,Gallardo,2010
Chevrolet,Silverado 3500,2001
Buick,Riviera,1985
Lotus,Elan,1992
Lamborghini,Gallardo,2008
Hyundai,Sonata,2013
Ford,Explorer Sport,2003
Infiniti,QX,2002
Chevrolet,Corvette,1967
Ford,F150,1993
Volvo,XC70,2012
Land Rover,Range Rover Sport,2012
Mazda,626,1996
Chevrolet,Monte Carlo,2000
GMC,3500 Club Coupe,1993
Audi,A8,2002
Plymouth,Breeze,1999
Pontiac,Grand Am,1996
Infiniti,EX,2011
Honda,Prelude,1998
Cadillac,Fleetwood,1992
Chevrolet,Corvette,1975
Ford,Mustang,2004
BMW,645,2004
Volkswagen,Rabbit,2006
Ford,Bronco,1990
Dodge,Ramcharger,1992
Porsche,Cayenne,2004
Mitsubishi,Precis,1993
Lincoln,Town Car,2008
BMW,550,2006
Toyota,Avalon,1998
Honda,Civic,1990
Chrysler,LeBaron,1995
Volvo,S80,2001
Lexus,LS,1996
Honda,Accord,1989
Hyundai,Tucson,2010
GMC,Sierra 2500,2010
Dodge,D150 Club,1993
Chrysler,Concorde,1998
Dodge,Challenger,2012
Honda,CR-V,2001
Aston Martin,DBS,2010
GMC,Sierra 3500,2003
Honda,Accord,1988
Jeep,Grand Cherokee,2007
Audi,riolet,1994
Ford,E350,2006
GMC,Vandura G3500,1996
Cadillac,XLR,2005
Chrysler,300M,1999
GMC,Jimmy,1992
Lotus,Esprit,1989
Chrysler,LHS,1997
Rolls-Royce,Phantom,2011
Mitsubishi,Lancer,2004
Ford,Escape,2005
Mercury,Capri,1986
Toyota,Land Cruiser,2008
Volvo,V50,2010
GMC,Rally Wagon 1500,1993
Pontiac,Grand Prix,1975
Mercedes-Benz,M-Class,2012
Mercedes-Benz,M-Class,2005
Pontiac,LeMans,1990
Plymouth,Colt Vista,1993
Mazda,B-Series,1995
Chrysler,Sebring,1996
Mercedes-Benz,W201,1993
Isuzu,Hombre,1999
Plymouth,Voyager,1997
Audi,A4,2009
MINI,Cooper,2002
GMC,Sonoma,2002
Cadillac,Escalade ESV,2003
Subaru,Alcyone SVX,1992
Honda,Fit,2012
Audi,Quattro,1994
Pontiac,Grand Am,1985
Volkswagen,Corrado,1990
Mercury,Sable,2003
Mercury,Capri,1985
Mitsubishi,Outlander Sport,2012
Pontiac,Firebird,2001
BMW,3 Series,1998
Maserati,Spyder,2003
Ferrari,F430,2007
Toyota,Corolla,2009
Chevrolet,Silverado 1500,2012
Mazda,Tribute,2003
GMC,Yukon XL 2500,2009
Audi,riolet,1997
Dodge,Ram Van 1500,1995
Jeep,Grand Cherokee,2002
Suzuki,SJ,1994
Pontiac,G6,2006
Volvo,850,1995
Mercedes-Benz,R-Class,2011
Toyota,Corolla,2001
Audi,5000S,1988
Dodge,Viper,1993
Suzuki,Sidekick,1993
Chevrolet,Traverse,2010
BMW,X6,2010
GMC,Acadia,2009
Nissan,Quest,2011
Volkswagen,Jetta,1985
Kia,Spectra,2005
Cadillac,SRX,2012
Subaru,Legacy,2005
Mercury,Mariner,2008
Infiniti,QX,2008
Aston Martin,DBS,2009
Audi,S6,2002
Chevrolet,Silverado 2500,2002
Porsche,914,1970
Cadillac,Escalade ESV,2006
Lotus,Esprit,2002
Mercury,Capri,1994
Saab,9-7X,2009
Mazda,626,1996
Chevrolet,Suburban 2500,1999
Dodge,Ram 2500,1995
Honda,Civic,1993
Mitsubishi,Excel,1989
Chrysler,Town & Country,2009
Buick,Regal,1992
Toyota,Tacoma,2000
Nissan,Maxima,2001
Jeep,Liberty,2003
Chrysler,300M,2000
Honda,Civic,2010
Suzuki,Vitara,2002
Buick,Century,1993
Mazda,B-Series,1996
Pontiac,Sunbird,1983
Subaru,Legacy,1993
Mitsubishi,Montero,1999
GMC,Suburban 1500,1993
Buick,Skylark,1993
Nissan,Versa,2011
Hummer,H2 SUV,2006
Mitsubishi,Diamante,1994
Isuzu,Trooper,1993
Ford,Econoline E150,1997
Toyota,Paseo,1992
Volvo,S40,2002
Lincoln,MKT,2012
Mercedes-Benz,S-Class,1992
Ford,Taurus,1991
Buick,Lucerne,2007
Toyota,Land Cruiser,2001
Volkswagen,Passat,1997
Toyota,Celica,1996
Ford,Explorer,1996
Toyota,TundraMax,2010
Ford,Fusion,2012
Cadillac,SRX,2011
Chrysler,Town & Country,1995
Ford,Econoline E150,1995
Chevrolet,Astro,1996
Honda,Accord,2003
Audi,Cabriolet,1995
Volvo,S60,2002
Jaguar,XK,2012
Pontiac,Gemini,1989
Toyota,FJ Cruiser,2008
Dodge,Dakota Club,1993
Infiniti,G,1999
BMW,5 Series,1999
Mercury,Tracer,1997
Acura,RSX,2006
Studebaker,Avanti,1961
Infiniti,QX,1998
Chevrolet,Express 1500,2010
Dodge,Stealth,1992
Honda,S2000,2001
Tesla,Roadster,2010
Mercedes-Benz,M-Class,2008
Lexus,ES,2006
Ford,Aerostar,1993
GMC,Savana 2500,2002
Mitsubishi,Diamante,2005
Volkswagen,Passat,2003
Mercury,Mariner,2008
Dodge,Viper,2002
Plymouth,Voyager,1998
Jeep,Patriot,2009
Nissan,280ZX,1979
Hyundai,Tiburon,2004
Oldsmobile,Ciera,1993
Buick,Regal,2001
Land Rover,Range Rover,2007
Ford,E-Series,2010
Ford,Escort,1989
Plymouth,Voyager,1995
Toyota,Land Cruiser,2005
Mercedes-Benz,CLK-Class,2003
Pontiac,Trans Sport,1999
Nissan,Armada,2007
Honda,Insight,2002
Buick,Skylark,1992
Dodge,Dakota,1994
Lotus,Esprit,1991
Chevrolet,G-Series 1500,1998
Ford,Mustang,2003
Mercedes-Benz,G-Class,2003
Volkswagen,Golf,1997
Hyundai,Sonata,2006
Nissan,Maxima,1994
Mazda,MX-5,1995
Ford,Laser,1986
Isuzu,Rodeo Sport,2002
Pontiac,GTO,1965
Audi,A4,2009
Mitsubishi,3000GT,1995
Volvo,XC60,2011
Mercury,Marquis,1985
Toyota,Camry,2008
Lexus,RX,1999
Mercedes-Benz,C-Class,2011
Nissan,Maxima,1993
Nissan,Altima,2000
Mercury,Mystique,1995
Lotus,Exige,2009
GMC,3500 Club Coupe,1997
Mercedes-Benz,SLK-Class,1998
Mitsubishi,Diamante,2002
Subaru,Leone,1986
Nissan,Sentra,2007
Land Rover,Discovery,2011
Chevrolet,G-Series G20,1994
Mitsubishi,Challenger,2003
Saab,900,1994
Infiniti,Q,2003
Mazda,RX-7,1995
Dodge,Stratus,2006
Aston Martin,DB9,2007
Chevrolet,Silverado 1500,2007
Chevrolet,Avalanche 2500,2002
Volkswagen,Eos,2007
Porsche,944,1991
Nissan,Murano,2006
Pontiac,Firefly,1985
GMC,Savana 3500,2010
Mazda,MX-6,1994
Mazda,626,1988
Lexus,LX,2001
Isuzu,Hombre,1997
Lincoln,Navigator,2012
Chevrolet,Cavalier,1998
Jeep,Patriot,2012
Nissan,Armada,2006
Corbin,Sparrow,1999
Mercedes-Benz,E-Class,1986
Chrysler,Sebring,2000
BMW,M3,2004
Dodge,Ram 2500,1995
Toyota,4Runner,1998
Rambler,Classic,1963
Dodge,Viper,2004
Chevrolet,Colorado,2006
Saturn,L-Series,2001
Volkswagen,Golf,2012
Honda,Civic,1994
Acura,RSX,2005
Dodge,Ram 3500,2000
Mitsubishi,Diamante,1999
BMW,645,2004
BMW,X5,2013
Honda,Civic,1990
Mitsubishi,Mighty Max,1995
Chrysler,LHS,1995
Ford,Ranger,2009
Volvo,XC90,2007
Aston Martin,V12 Vantage,2011
Volkswagen,Jetta,2004
Cadillac,DeVille,2005
Nissan,300ZX,1995
Aston Martin,Vantage,2007
Volvo,C70,2008
Lamborghini,Gallardo,2005
Audi,Allroad,2003
BMW,X5,2008
Jaguar,XK Series,2000
Cadillac,Fleetwood,1994
Audi,S4,2009
Ford,EXP,1985
BMW,M3,2001
Honda,Accord,2012
Mercedes-Benz,S-Class,1990
Hyundai,Elantra,2010
Hyundai,Equus,2011
Lamborghini,Diablo,1995
Toyota,4Runner,2005
Ford,Ranger,1997
Ford,Mustang,1972
Mazda,MX-6,1993
Dodge,Viper,2004
Lamborghini,Murciélago,2006
Ford,Econoline E150,1996
Ford,F-Series Super Duty,2010
Volkswagen,Eurovan,2001
BMW,M5,2000
Volkswagen,Cabriolet,1987
Dodge,Caravan,1993
Ford,Ranger,2009
Toyota,Corolla,2003
GMC,Envoy,2008
Mercedes-Benz,SLK-Class,2003
Jeep,Grand Cherokee,2005
GMC,Vandura 1500,1992
Toyota,Sequoia,2004
Land Rover,LR2,2008
Honda,Odyssey,1997
Aston Martin,Vantage,2011
Mazda,929,1993
Ford,Focus,2004
Ford,Freestar,2006
GMC,Savana 3500,1997
Infiniti,M,2009
Scion,tC,2008
GMC,2500 Club Coupe,1994
Chevrolet,Express 2500,2009
Maserati,Biturbo,1984
Volkswagen,Passat,1994
Lamborghini,Reventón,2008
Lamborghini,Reventón,2008
Toyota,Land Cruiser,1997
Volvo,C70,2006
BMW,3 Series,1993
Plymouth,Horizon,1978
Mercedes-Benz,Sprinter,2010
Hyundai,Equus,2013
Cadillac,Escalade EXT,2010
Saab,900,1986
Chrysler,PT Cruiser,2004
Jaguar,S-Type,2003
Honda,CR-V,2009
Toyota,MR2,1992
Jeep,Wrangler,2004
Porsche,911,2010
Lexus,SC,1992
Suzuki,Aerio,2003
Ford,Econoline E350,2001
Chevrolet,Suburban 1500,2002
Honda,Odyssey,2000
Chevrolet,Express 2500,1998
Toyota,Celica,1996
GMC,Envoy XL,2005
BMW,645,2005
Lincoln,MKT,2011
Ford,Taurus,1993
Plymouth,Breeze,2000
Chevrolet,Tahoe,2004
Plymouth,Neon,2001
Audi,S4,2005
Chrysler,LHS,1996
Volvo,S60,2002
Dodge,Neon,1995
Infiniti,EX,2009
Kia,Optima,2008
Volkswagen,rio,1997
Acura,RSX,2004
Pontiac,Safari,1988
Citroën,2CV,1948
Spyker,C8 Spyder Wide Body,2004
Lexus,ES,1996
GMC,Savana 3500,2000
Jaguar,XJ Series,2005
Kia,Sedona,2008
Lotus,Esprit,1994
Saab,9000,1994
Lamborghini,Aventador,2012
Volkswagen,Passat,2003
Geo,Storm,1993
Toyota,Camry,1992
Infiniti,G37,2011
Mazda,B-Series Plus,1996
Isuzu,Amigo,2000
Ford,Festiva,1990
BMW,Z8,2001
Subaru,Impreza WRX,2011
Ford,Five Hundred,2007
Chevrolet,Corvette,1962
Ford,Escort,1992
Mazda,B-Series,1987
Mitsubishi,RVR,1995
Lotus,Exige,2009
Mazda,Mazdaspeed 3,2007
Pontiac,GTO,2004
Chevrolet,Express 3500,2005
Ferrari,599 GTB Fiorano,2008
Toyota,Avalon,2009
Honda,Element,2008
Daewoo,Lanos,2002
Pontiac,Bonneville,2004
Pontiac,Grand Am,1985
Nissan,Xterra,2006
Acura,TSX,2007
GMC,Suburban 2500,1994
Cadillac,Seville,2003
Infiniti,QX,2000
Buick,Somerset,1986
Saturn,VUE,2002
Chevrolet,S10,1994
Acura,RSX,2006
GMC,Canyon,2009
Mazda,B2600,1987
Kia,Sportage,2012
Ford,Taurus,1989
Maserati,Quattroporte,2008
Chevrolet,G-Series G10,1992
Porsche,Boxster,2000
Chrysler,Crossfire Roadster,2006
Maserati,GranTurismo,2011
Ram,1500,2012
Dodge,Avenger,2011
Bentley,Mulsanne,2012
Subaru,SVX,1997
Toyota,Tacoma Xtra,1999
Audi,A7,2012
GMC,Sierra 3500,2001
Jensen,Interceptor,1967
Pontiac,Firebird,1985
Pontiac,Firebird,2000
Chevrolet,Caprice Classic,1996
Ford,Mustang,1971
Chevrolet,Venture,2005
Dodge,D150,1993
BMW,3 Series,2005
Dodge,Ram 3500,2002
Nissan,Armada,2010
Dodge,Nitro,2009
Dodge,Dakota Club,1998
Maserati,GranSport,2005
Mercedes-Benz,S-Class,2012
MINI,Countryman,2012
Mercury,Monterey,2004
Mercedes-Benz,S-Class,1987
Ford,Courier,1987
Saab,9000,1992
Toyota,Previa,1996
Toyota,Solara,2007
Buick,Regal,1987
Chevrolet,Suburban 1500,2001
Suzuki,XL-7,2004
Dodge,Avenger,1997
Jaguar,XK Series,2003
Mazda,B-Series Plus,2002
Toyota,FJ Cruiser,2011
Pontiac,Grand Prix,2001
Chevrolet,Impala,2012
Chevrolet,Malibu Maxx,2006
Ford,Transit Connect,2012
Chevrolet,Corvette,2010
Subaru,Baja,2003
Ford,GT,2006
Dodge,Caravan,1992
Ford,Crown Victoria,2010
Toyota,Tercel,1998
Audi,Allroad,2004
Ford,Mustang,1990
Mercedes-Benz,E-Class,1984
Nissan,Frontier,1998
Dodge,Ram 2500,2006
Jensen,Interceptor,1966
GMC,Safari,2000
Land Rover,Range Rover,1991
Ford,Crown Victoria,1993
Volkswagen,Corrado,1990
Toyota,FJ Cruiser,2008
Volkswagen,GTI,1997
Mercedes-Benz,500E,1992
Suzuki,Aerio,2002
Lexus,IS F,2011
Mitsubishi,Eclipse,2005
Chrysler,Town & Country,1996
Suzuki,Swift,1996
Chevrolet,Avalanche 1500,2003
Ferrari,California,2010
Jaguar,XK Series,2001
Ford,Econoline E250,1993
Dodge,Ram Van 1500,2002
Audi,A4,1999
Infiniti,IPL G,2011
Dodge,Ram Van 2500,2002
Nissan,Versa,2011
Lexus,GS,2000
Mazda,B-Series,1994
Volvo,V40,2000
Toyota,Xtra,1994
Maybach,57,2012
Acura,MDX,2005
Mercury,Montego,2005
Mazda,MX-5,1997
Kia,Sorento,2013
Volkswagen,Tiguan,2009
Chrysler,LHS,1997
Honda,Ridgeline,2010
Land Rover,Range Rover,1992
Ford,F350,2010
Jeep,Patriot,2010
Chevrolet,Corsica,1992
Lexus,RX Hybrid,2006
GMC,Sierra 2500,2001
Chevrolet,3500,1997
Ford,ZX2,2002
Dodge,D350,1993